{
  "warp_matrices": {
    "S2A_MSIL1C_20170731T074941_N0205_R135_T38TNL_20170731T075301": [
      [
        1.0,
        0.0,
        0.0
      ],
      [
        0.0,
        1.0,
        8.195638834251895e-09
      ]
    ],
    "S2A_MSIL1C_20170701T074611_N0205_R135_T38TNL_20170701T075012": [
      [
        1.0,
        0.0,
        -0.20000000298023224
      ],
      [
        0.0,
        1.0,
        0.10000000894069672
      ]
    ],
    "S2A_OPER_PRD_MSIL1C_PDMC_20160811T032358_R135_V20160805T074612_20160805T075150": [
      [
        1.0,
        0.0,
        -0.14999999105930328
      ],
      [
        0.0,
        1.0,
        -0.14999999105930328
      ]
    ],
    "S2A_OPER_PRD_MSIL1C_PDMC_20160527T180525_R135_V20160527T075124_20160527T075124": [
      [
        1.0,
        0.0,
        0.0
      ],
      [
        0.0,
        1.0,
        -0.25
      ]
    ],
    "S2A_OPER_PRD_MSIL1C_PDMC_20151229T135738_R135_V20151229T080350_20151229T080350": [
      [
        1.0,
        0.0,
        -0.6000000834465027
      ],
      [
        0.0,
        1.0,
        6.705522359595761e-09
      ]
    ],
    "S2A_MSIL1C_20170830T074611_N0205_R135_T38TNL_20170830T074857": [
      [
        1.0,
        0.0,
        0.05000000074505806
      ],
      [
        0.0,
        1.0,
        0.15000000596046448
      ]
    ],
    "S2A_OPER_PRD_MSIL1C_PDMC_20160916T062750_R135_V20160914T074612_20160914T075524": [
      [
        1.0,
        0.0,
        0.0
      ],
      [
        0.0,
        1.0,
        0.0
      ]
    ],
    "S2A_OPER_PRD_MSIL1C_PDMC_20161114T234153_R135_V20161113T075152_20161113T075152": [
      [
        1.0,
        0.0,
        -0.20000003278255463
      ],
      [
        0.0,
        1.0,
        0.29999998211860657
      ]
    ],
    "S2A_MSIL1C_20170820T074941_N0205_R135_T38TNL_20170820T075301": [
      [
        1.0,
        0.0,
        -0.2499999850988388
      ],
      [
        0.0,
        1.0,
        -0.10000000149011612
      ]
    ],
    "S2A_MSIL1C_20170412T074611_N0204_R135_T38TNL_20170412T075515": [
      [
        1.0,
        0.0,
        -0.05000000819563866
      ],
      [
        0.0,
        1.0,
        0.10000000894069672
      ]
    ],
    "S2A_MSIL1C_20170323T074601_N0204_R135_T38TNL_20170323T075147": [
      [
        1.0,
        0.0,
        -0.25
      ],
      [
        0.0,
        1.0,
        0.0
      ]
    ],
    "S2A_OPER_PRD_MSIL1C_PDMC_20161004T162329_R135_V20161004T074742_20161004T075653": [
      [
        1.0,
        0.0,
        0.05000000819563866
      ],
      [
        0.0,
        1.0,
        0.09999999403953552
      ]
    ],
    "S2A_MSIL1C_20170721T074611_N0205_R135_T38TNL_20170721T074746": [
      [
        1.0,
        0.0,
        0.10000000894069672
      ],
      [
        0.0,
        1.0,
        0.24999995529651642
      ]
    ],
    "S2A_MSIL1C_20170422T074941_N0204_R135_T38TNL_20170422T075301": [
      [
        1.0,
        0.0,
        0.0
      ],
      [
        0.0,
        1.0,
        0.0
      ]
    ],
    "S2A_OPER_PRD_MSIL1C_PDMC_20151219T140443_R135_V20151219T080616_20151219T080616": [
      [
        1.0,
        0.0,
        -0.4500000476837158
      ],
      [
        0.0,
        1.0,
        0.25
      ]
    ],
    "S2A_MSIL1C_20170919T074611_N0205_R135_T38TNL_20170919T075649": [
      [
        1.0,
        0.0,
        0.15000000596046448
      ],
      [
        0.0,
        1.0,
        -0.05000000074505806
      ]
    ],
    "S2A_OPER_PRD_MSIL1C_PDMC_20160626T140948_R135_V20160626T075158_20160626T075158": [
      [
        1.0,
        0.0,
        0.05000000074505806
      ],
      [
        0.0,
        1.0,
        0.09999999403953552
      ]
    ],
    "S2A_OPER_PRD_MSIL1C_PDMC_20160309T060806_R135_V20160308T075303_20160308T075303": [
      [
        1.0,
        0.0,
        -0.15000000596046448
      ],
      [
        0.0,
        1.0,
        0.05000000074505806
      ]
    ],
    "S2A_OPER_PRD_MSIL1C_PDMC_20160826T213514_R135_V20160825T074612_20160825T075350": [
      [
        1.0,
        0.0,
        0.25
      ],
      [
        0.0,
        1.0,
        0.09999999403953552
      ]
    ],
    "S2A_MSIL1C_20170909T074941_N0205_R135_T38TNL_20170909T075258": [
      [
        1.0,
        0.0,
        0.0
      ],
      [
        0.0,
        1.0,
        0.04999999329447746
      ]
    ],
    "S2A_OPER_PRD_MSIL1C_PDMC_20160816T204822_R135_V20160815T074942_20160815T074941": [
      [
        1.0,
        0.0,
        0.04999999329447746
      ],
      [
        0.0,
        1.0,
        0.3500000238418579
      ]
    ]
  },
  "base_product": "S2A_OPER_PRD_MSIL1C_PDMC_20160916T062750_R135_V20160914T074612_20160914T075524"
}